source,title,timestamp,continent,feed_url
BBC News Americas,What we know about Trump's latest travel ban,2025-06-05T16:32:25.333607,North America,https://feeds.bbci.co.uk/news/world/us_and_canada/rss.xml
BBC News Americas,Why are these 12 countries on Trump's travel-ban list?,2025-06-05T16:32:25.333613,North America,https://feeds.bbci.co.uk/news/world/us_and_canada/rss.xml
BBC News Americas,Ten African countries hit by bans and restrictions,2025-06-05T16:32:25.333615,North America,https://feeds.bbci.co.uk/news/world/us_and_canada/rss.xml
BBC News Americas,Trump suspends foreign student visas at Harvard,2025-06-05T16:32:25.333618,North America,https://feeds.bbci.co.uk/news/world/us_and_canada/rss.xml
BBC News Americas,"Trump orders inquiry into Biden's actions, alleging 'cognitive decline'",2025-06-05T16:32:25.333620,North America,https://feeds.bbci.co.uk/news/world/us_and_canada/rss.xml
NPR News,"China says Trump and Xi talked on the phone, their first call since the tariff war began",2025-06-05T16:32:25.926322,North America,https://feeds.npr.org/1001/rss.xml
NPR News,Israel says it recovered the bodies of 2 U.S.-Israeli hostages,2025-06-05T16:32:25.926346,North America,https://feeds.npr.org/1001/rss.xml
NPR News,"Trump issues a new travel ban. And, GOP raises concerns over the budget bill",2025-06-05T16:32:25.926353,North America,https://feeds.npr.org/1001/rss.xml
NPR News,FEMA was starting to fix long-standing problems. Then came the Trump administration,2025-06-05T16:32:25.926360,North America,https://feeds.npr.org/1001/rss.xml
NPR News,Divorce lawyers say it's a seasonal business. Here's why,2025-06-05T16:32:25.926365,North America,https://feeds.npr.org/1001/rss.xml
The New York Times,"Xi and Trump Hold Talks, China Says",2025-06-05T16:32:26.543090,North America,https://rss.nytimes.com/services/xml/rss/nyt/HomePage.xml
The New York Times,U.S. Trade Deficit Plummets in April,2025-06-05T16:32:26.543102,North America,https://rss.nytimes.com/services/xml/rss/nyt/HomePage.xml
The New York Times,Trump Orders a Travel Ban on 12 Countries and an Investigation of Biden,2025-06-05T16:32:26.543107,North America,https://rss.nytimes.com/services/xml/rss/nyt/HomePage.xml
The New York Times,"In War-Torn Nations, Trump’s Travel Ban Brings a New Hardship",2025-06-05T16:32:26.543111,North America,https://rss.nytimes.com/services/xml/rss/nyt/HomePage.xml
The New York Times,Who Does Trump’s New Travel Ban Include and Exclude?,2025-06-05T16:32:26.543115,North America,https://rss.nytimes.com/services/xml/rss/nyt/HomePage.xml
CBC News Canada,'There's a lot I wish I would have taken': Denare Beach residents in shock after northern Sask. wildfire,2025-06-05T16:32:27.314679,North America,https://rss.cbc.ca/lineup/topstories.xml
CBC News Canada,Israel recovers bodies of Canadian Israeli Judih Weinstein Haggai and husband held by Hamas,2025-06-05T16:32:27.314698,North America,https://rss.cbc.ca/lineup/topstories.xml
CBC News Canada,Bank of Canada looking for more certainty from U.S. before cutting rates,2025-06-05T16:32:27.314706,North America,https://rss.cbc.ca/lineup/topstories.xml
CBC News Canada,'I'm game': Danielle Smith invites Mark Carney to Oilers game,2025-06-05T16:32:27.314713,North America,https://rss.cbc.ca/lineup/topstories.xml
CBC News Canada,The FIFA World Cup is heading to Trump's U.S. Will the world want to come — or even be able to?,2025-06-05T16:32:27.314719,North America,https://rss.cbc.ca/lineup/topstories.xml
The Guardian US,Ice makes record number of immigration arrests on single day,2025-06-05T16:32:27.945738,North America,https://www.theguardian.com/us-news/rss
The Guardian US,Human rights groups condemn Trump’s ‘racist’ and ‘cruel’ travel ban – live,2025-06-05T16:32:27.945749,North America,https://www.theguardian.com/us-news/rss
The Guardian US,Trump’s unprecedented immigration crackdown is leaving children terrified and ‘truly alone’,2025-06-05T16:32:27.945753,North America,https://www.theguardian.com/us-news/rss
The Guardian US,Democrats respond to Trump’s ‘reckless’ and ‘discriminatory’ travel ban,2025-06-05T16:32:27.945757,North America,https://www.theguardian.com/us-news/rss
The Guardian US,"Baltimore scrambles to clean up 2,000-gallon diesel fuel spill in harbor",2025-06-05T16:32:27.945761,North America,https://www.theguardian.com/us-news/rss
Mexico News Daily,6 facts about Mexico that upend the stereotypes,2025-06-05T16:32:29.821838,North America,https://mexiconewsdaily.com/feed/
Mexico News Daily,"Fake news, floods and faith in Mexico’s justice system: Wednesday’s mañanera recapped",2025-06-05T16:32:29.821845,North America,https://mexiconewsdaily.com/feed/
Mexico News Daily,Mexico’s Museum of Anthropology wins prestigious Princess of Asturias Award for Concord,2025-06-05T16:32:29.821847,North America,https://mexiconewsdaily.com/feed/
Mexico News Daily,Two Baja California restaurants add to Mexico’s harvest of Michelin stars,2025-06-05T16:32:29.821850,North America,https://mexiconewsdaily.com/feed/
Mexico News Daily,US embassy debunks viral ‘narco-politician’ list,2025-06-05T16:32:29.821852,North America,https://mexiconewsdaily.com/feed/
BBC News Europe,What Merz wants from Trump showdown meeting,2025-06-05T16:32:30.460940,Europe,https://feeds.bbci.co.uk/news/world/europe/rss.xml
BBC News Europe,The country where the left (not the far right) made hardline immigration laws,2025-06-05T16:32:30.460955,Europe,https://feeds.bbci.co.uk/news/world/europe/rss.xml
BBC News Europe,"Eight injured on Ryanair flight hit by 'severe turbulence', police say",2025-06-05T16:32:30.460962,Europe,https://feeds.bbci.co.uk/news/world/europe/rss.xml
BBC News Europe,"Putin will seek revenge for Ukraine drone attack, warns Trump",2025-06-05T16:32:30.460968,Europe,https://feeds.bbci.co.uk/news/world/europe/rss.xml
BBC News Europe,The country where the left (not the far right) made hardline immigration laws,2025-06-05T16:32:30.460974,Europe,https://feeds.bbci.co.uk/news/world/europe/rss.xml
The Guardian UK,"I thought it was being gay that made my life so difficult. Then, at 50, I got an eye-opening diagnosis …",2025-06-05T16:32:31.167568,Europe,https://www.theguardian.com/uk/rss
The Guardian UK,Rebel Wilson: ‘I always wanted to be like Judi Dench. But people like laughing at me’,2025-06-05T16:32:31.167574,Europe,https://www.theguardian.com/uk/rss
The Guardian UK,Premier League players who need a move to revitalise their careers,2025-06-05T16:32:31.167576,Europe,https://www.theguardian.com/uk/rss
The Guardian UK,"‘Do you have a family?’: midlife with no kids, ageing parents – and no crisis",2025-06-05T16:32:31.167577,Europe,https://www.theguardian.com/uk/rss
The Guardian UK,Episode one: the disappearance,2025-06-05T16:32:31.167579,Europe,https://www.theguardian.com/uk/rss
Deutsche Welle English,Gaza: Israel says it recovered bodies of 2 hostages,2025-06-05T16:32:32.042276,Europe,https://rss.dw.com/rdf/rss-en-all
Deutsche Welle English,Germany vows continued support of Israel as FM visits Berlin,2025-06-05T16:32:32.042282,Europe,https://rss.dw.com/rdf/rss-en-all
Deutsche Welle English,Germany updates: Merz in Washington for talks with Trump,2025-06-05T16:32:32.042285,Europe,https://rss.dw.com/rdf/rss-en-all
Deutsche Welle English,Central Europe's right-wing populist networks up their game,2025-06-05T16:32:32.042289,Europe,https://rss.dw.com/rdf/rss-en-all
Deutsche Welle English,Former Zambian president Edgar Lungu dies at 68,2025-06-05T16:32:32.042292,Europe,https://rss.dw.com/rdf/rss-en-all
France24 English,French suspect in racist killing of Tunisian neighbour to appear before anti-terrorism judge,2025-06-05T16:32:32.666292,Europe,https://www.france24.com/en/rss
France24 English,How Stitch overcame Tom Cruise at the French box office,2025-06-05T16:32:32.666309,Europe,https://www.france24.com/en/rss
France24 English,The seventh art: Why France shines on the silver screen,2025-06-05T16:32:32.666315,Europe,https://www.france24.com/en/rss
France24 English,Israeli opposition accuses Netanyahu's government of arming militias in Gaza,2025-06-05T16:32:32.666322,Europe,https://www.france24.com/en/rss
France24 English,'Nuit Blanche': Art after dark in Paris's beloved all-night festival,2025-06-05T16:32:32.666332,Europe,https://www.france24.com/en/rss
Euronews,Yurok tribe reclaims ancestral territory in California's largest ever land-back project,2025-06-05T16:32:33.275092,Europe,https://www.euronews.com/rss
Euronews,More than 200 items from Princess Diana’s wardrobe go up for auction,2025-06-05T16:32:33.275113,Europe,https://www.euronews.com/rss
Euronews,Solar records and dry fields: Britain’s sunniest spring ever has silver linings and hidden risks,2025-06-05T16:32:33.275118,Europe,https://www.euronews.com/rss
Euronews,New Zealand Parliament suspends three lawmakers for performing protest haka,2025-06-05T16:32:33.275124,Europe,https://www.euronews.com/rss
Euronews,"Gaza’s Eid al-Adha celebrations shadowed by war, shortages and soaring prices",2025-06-05T16:32:33.275129,Europe,https://www.euronews.com/rss
POLITICO Europe,Lagarde insists she’ll complete her term at ECB,2025-06-05T16:32:33.917517,Europe,https://www.politico.eu/feed/
POLITICO Europe,"To free Russia from Putin we need to save Ukraine first, Russian opposition tells EU",2025-06-05T16:32:33.917532,Europe,https://www.politico.eu/feed/
POLITICO Europe,Bulgaria disrupts European Parliament’s bill on North Macedonia EU accession,2025-06-05T16:32:33.917537,Europe,https://www.politico.eu/feed/
POLITICO Europe,New Brussels shooting leaves 1 dead,2025-06-05T16:32:33.917541,Europe,https://www.politico.eu/feed/
POLITICO Europe,ECB cuts again as it heads into an uncertain future,2025-06-05T16:32:33.917546,Europe,https://www.politico.eu/feed/
Al Jazeera,Getting food in Gaza has become “like the Hunger Games”,2025-06-05T16:32:36.222691,Asia,https://www.aljazeera.com/xml/rss/all.xml
Al Jazeera,Greta Thunberg on Gaza: Why we joined the Freedom Flotilla,2025-06-05T16:32:36.222710,Asia,https://www.aljazeera.com/xml/rss/all.xml
Al Jazeera,"‘You are not alone’, diplomat tells Palestinians after UN vote",2025-06-05T16:32:36.222717,Asia,https://www.aljazeera.com/xml/rss/all.xml
Al Jazeera,Netherlands still backs Israeli F-35 ‘supply chain of death’: Report,2025-06-05T16:32:36.222723,Asia,https://www.aljazeera.com/xml/rss/all.xml
Al Jazeera,Eid al-Adha greetings in different languages,2025-06-05T16:32:36.222729,Asia,https://www.aljazeera.com/xml/rss/all.xml
The Japan Times,Mother of North Korean abductee urges government to have sense of mission over issue,2025-06-05T16:32:37.842783,Asia,https://www.japantimes.co.jp/feed/
The Japan Times,Real wages in Japan fell 1.8% year on year in April,2025-06-05T16:32:37.842802,Asia,https://www.japantimes.co.jp/feed/
The Japan Times,Organizers to house athletes on 'floating village' during 2026 Asian Games,2025-06-05T16:32:37.842808,Asia,https://www.japantimes.co.jp/feed/
The Japan Times,Lawson and FamilyMart begin selling government-stockpiled rice,2025-06-05T16:32:37.842813,Asia,https://www.japantimes.co.jp/feed/
The Japan Times,Alphabet CEO expects to keep hiring engineers while AI advances,2025-06-05T16:32:37.842818,Asia,https://www.japantimes.co.jp/feed/
South China Morning Post,Harvard speech by Chinese graduate exposes class disillusionment at home,2025-06-05T16:32:39.064031,Asia,https://www.scmp.com/rss/91/feed
South China Morning Post,Robo financial adviser Syfe bolsters Hong Kong expansion after new funding round,2025-06-05T16:32:39.064040,Asia,https://www.scmp.com/rss/91/feed
South China Morning Post,"AI might solve China’s labour woes, but could also fuel deflation, report says",2025-06-05T16:32:39.064045,Asia,https://www.scmp.com/rss/91/feed
South China Morning Post,"China will drop the Great Firewall for some users, but only in southern Hainan",2025-06-05T16:32:39.064048,Asia,https://www.scmp.com/rss/91/feed
South China Morning Post,"Trump’s Harvard ban, how early birds conquered the skies: SCMP daily highlights",2025-06-05T16:32:39.064053,Asia,https://www.scmp.com/rss/91/feed
The Hindu India,"Plans afoot to plant 2 lakh saplings in coordination with forest department, says TTD Addl. EO",2025-06-05T16:32:39.713263,Asia,https://www.thehindu.com/news/national/feeder/default.rss
The Hindu India,"In Assam’s Goalpara, children give lessons on coexistence with elephants",2025-06-05T16:32:39.713270,Asia,https://www.thehindu.com/news/national/feeder/default.rss
The Hindu India,Family members of stampede victim blame Congress govt.,2025-06-05T16:32:39.713274,Asia,https://www.thehindu.com/news/national/feeder/default.rss
The Hindu India,Over 300 families evicted for ICTT continue to wait for eviction cards,2025-06-05T16:32:39.713277,Asia,https://www.thehindu.com/news/national/feeder/default.rss
The Hindu India,NHRC notice to Telangana over death of man due to police torture,2025-06-05T16:32:39.713281,Asia,https://www.thehindu.com/news/national/feeder/default.rss
Times of India,"Meghalaya murder: 'I was killed', say posters at honeymooner's funeral; kin fear wife abducted",2025-06-05T16:32:40.341893,Asia,https://timesofindia.indiatimes.com/rssfeedstopstories.cms
Times of India,"FIR filed against RCB, event organisers over Bengaluru stampede",2025-06-05T16:32:40.341912,Asia,https://timesofindia.indiatimes.com/rssfeedstopstories.cms
Times of India,"Trade war: Trump, Xi speak amid deadlock over tariffs; what was discussed",2025-06-05T16:32:40.341917,Asia,https://timesofindia.indiatimes.com/rssfeedstopstories.cms
Times of India,"Drones, K9 units: Post-Pahalgam attack, a full-spectrum shield for Amarnath Yatra",2025-06-05T16:32:40.341924,Asia,https://timesofindia.indiatimes.com/rssfeedstopstories.cms
Times of India,AI killing jobs: Google AI CEO Hassabis has a tip; If I were a student..,2025-06-05T16:32:40.341928,Asia,https://timesofindia.indiatimes.com/rssfeedstopstories.cms
Arab News,Thousands worldwide benefit from KSrelief medical programs,2025-06-05T16:32:40.939915,Asia,https://www.arabnews.com/rss.xml
Arab News,Georgina Rodriguez jets to New York for Charlotte Tilbury launch,2025-06-05T16:32:40.939930,Asia,https://www.arabnews.com/rss.xml
Arab News,DeChambeau holds off Howell as cruisers sweep LIV GOLF Korea,2025-06-05T16:32:40.939935,Asia,https://www.arabnews.com/rss.xml
Arab News,Syrians’ asylum requests in Europe drop to decade low,2025-06-05T16:32:40.939939,Asia,https://www.arabnews.com/rss.xml
Arab News,Baniyas crowned champions of third round of Khaled bin Mohamed bin Zayed Jiu-Jitsu Championship,2025-06-05T16:32:40.939944,Asia,https://www.arabnews.com/rss.xml
BBC News Africa,Former Zambian President Lungu dies aged 68,2025-06-05T16:32:41.541086,Africa,https://feeds.bbci.co.uk/news/world/africa/rss.xml
BBC News Africa,Trump hits 10 African countries with travel ban and restrictions,2025-06-05T16:32:41.541107,Africa,https://feeds.bbci.co.uk/news/world/africa/rss.xml
BBC News Africa,World Bank U-turn ends loan ban to Uganda over gay rights,2025-06-05T16:32:41.541112,Africa,https://feeds.bbci.co.uk/news/world/africa/rss.xml
BBC News Africa,Burundi's ruling party seeks to tighten grip on power,2025-06-05T16:32:41.541116,Africa,https://feeds.bbci.co.uk/news/world/africa/rss.xml
BBC News Africa,Tanzania announces shutdown of X because of pornography,2025-06-05T16:32:41.541120,Africa,https://feeds.bbci.co.uk/news/world/africa/rss.xml
AllAfrica,Zambia: Former President Lungu Dies,2025-06-05T16:32:42.829498,Africa,https://allafrica.com/tools/headlines/rdf/latest/headlines.rdf
AllAfrica,"Libya: Seal Libyan Sites of Rights Violations, Says UN Rights Chief",2025-06-05T16:32:42.829526,Africa,https://allafrica.com/tools/headlines/rdf/latest/headlines.rdf
AllAfrica,South Africa: It's The 'Donald Disease' That's Making Us Sick,2025-06-05T16:32:42.829531,Africa,https://allafrica.com/tools/headlines/rdf/latest/headlines.rdf
AllAfrica,South Africa: What The Child Protection Pledge Needs to Succeed,2025-06-05T16:32:42.829536,Africa,https://allafrica.com/tools/headlines/rdf/latest/headlines.rdf
AllAfrica,"Africa: Entrepreneurship As Resilience - Sudanese Women, Displacement, and the Remaking of Home in Exile",2025-06-05T16:32:42.829541,Africa,https://allafrica.com/tools/headlines/rdf/latest/headlines.rdf
Mail & Guardian SA,How AI Is changing journalism and why we must detect it early,2025-06-05T16:32:44.371689,Africa,https://mg.co.za/feed/
Mail & Guardian SA,We need to change – not reject – black economic empowerment,2025-06-05T16:32:44.371707,Africa,https://mg.co.za/feed/
Mail & Guardian SA,From Jan Smuts to Gareth Prince: The struggle for the liberation of cannabis continues,2025-06-05T16:32:44.371712,Africa,https://mg.co.za/feed/
Mail & Guardian SA,Profits before people: How the liquor industry undermines reforms,2025-06-05T16:32:44.371716,Africa,https://mg.co.za/feed/
Mail & Guardian SA,Sanitation crisis in Ramaphosa informal settlement dehumanises people,2025-06-05T16:32:44.371720,Africa,https://mg.co.za/feed/
News24 South Africa,News24 | Rand hits strongest level in months,2025-06-05T16:32:45.186793,Africa,https://feeds.news24.com/articles/news24/TopStories/rss
News24 South Africa,News24 | Sponsored | Zolani Mahola to Open Africa’s Greatest Horse Racing Event,2025-06-05T16:32:45.186813,Africa,https://feeds.news24.com/articles/news24/TopStories/rss
News24 South Africa,News24 | Three Cape Town restaurants make the World’s Best list for 2025,2025-06-05T16:32:45.186824,Africa,https://feeds.news24.com/articles/news24/TopStories/rss
News24 South Africa,News24 | Jan’s mosbolletjie roosterkoek smores,2025-06-05T16:32:45.186833,Africa,https://feeds.news24.com/articles/news24/TopStories/rss
News24 South Africa,News24 | Sponsored | The Heritage Behind Your Cup,2025-06-05T16:32:45.186842,Africa,https://feeds.news24.com/articles/news24/TopStories/rss
Morocco World News,Infantino: Morocco’s U17 Women’s World Cup Will Elevate African Football,2025-06-05T16:32:46.602633,Africa,https://www.moroccoworldnews.com/feed/
Morocco World News,Diaz Out of Morocco Friendlies But Says ‘This is Home’,2025-06-05T16:32:46.602645,Africa,https://www.moroccoworldnews.com/feed/
Morocco World News,Three Journalists Killed in Israeli Attack on Al-Ahli Hospital in Gaza,2025-06-05T16:32:46.602653,Africa,https://www.moroccoworldnews.com/feed/
Morocco World News,"US Vetoes Ceasefire, Again",2025-06-05T16:32:46.602656,Africa,https://www.moroccoworldnews.com/feed/
Morocco World News,Morocco Brings Digital Classrooms to Rural Schools in National Expansion Drive,2025-06-05T16:32:46.602660,Africa,https://www.moroccoworldnews.com/feed/
BBC News Latin America,What we know about Trump's latest travel ban,2025-06-05T16:32:47.238131,South America,https://feeds.bbci.co.uk/news/world/latin_america/rss.xml
BBC News Latin America,Indigenous lawyer leads race for chief justice in Mexico,2025-06-05T16:32:47.238149,South America,https://feeds.bbci.co.uk/news/world/latin_america/rss.xml
BBC News Latin America,Mexican police arrest suspect in killing of five band members,2025-06-05T16:32:47.238158,South America,https://feeds.bbci.co.uk/news/world/latin_america/rss.xml
BBC News Latin America,Trump's 50% tariffs on metals come into effect,2025-06-05T16:32:47.238166,South America,https://feeds.bbci.co.uk/news/world/latin_america/rss.xml
BBC News Latin America,British journalist missing in Brazil found safe,2025-06-05T16:32:47.238173,South America,https://feeds.bbci.co.uk/news/world/latin_america/rss.xml
Buenos Aires Times,"Milei removes ESMA museum director, sparking backlash from rights groups",2025-06-05T16:32:48.218448,South America,https://www.batimes.com.ar/feed
Buenos Aires Times,Dismissal threats end strike at Garrahan Children's Hospital,2025-06-05T16:32:48.218455,South America,https://www.batimes.com.ar/feed
Buenos Aires Times,"Chile, Google sign deal for first-ever South America-Asia fibre optic cable",2025-06-05T16:32:48.218458,South America,https://www.batimes.com.ar/feed
Buenos Aires Times,Argentina’s state energy firm YPF to sign LNG export deal with Italy's ENI,2025-06-05T16:32:48.218460,South America,https://www.batimes.com.ar/feed
Buenos Aires Times,Newell's Old Boys suspends nine-year-old footballers over photo with Central player,2025-06-05T16:32:48.218462,South America,https://www.batimes.com.ar/feed
Colombia Reports,Mexico attack that killed 8 soldiers allegedly carried out by mercenaries from Colombia,2025-06-05T16:32:50.162384,South America,https://colombiareports.com/feed/
Colombia Reports,“It’s a coup d’état”: Petro’s labor referendum draws ire of Colombia’s opposition parties,2025-06-05T16:32:50.162403,South America,https://colombiareports.com/feed/
Colombia Reports,Uribe witness was coached ahead of giving testimony: recordings,2025-06-05T16:32:50.162409,South America,https://colombiareports.com/feed/
Colombia Reports,Guatemala’s government rejects arrest warrants against Colombia’s chief prosecutor and former minister,2025-06-05T16:32:50.162413,South America,https://colombiareports.com/feed/
Colombia Reports,Guatemala’s prosecution orders arrest of Colombia’s chief prosecutor and former defense minister,2025-06-05T16:32:50.162418,South America,https://colombiareports.com/feed/
ABC News Australia,Socceroos all-but qualify for World Cup with smash-and-grab win in Perth,2025-06-05T16:32:51.258182,Oceania,https://www.abc.net.au/news/feed/2942460/rss.xml
ABC News Australia,'Showboating a bit': Hawk backs teammate's antics as they claim important win,2025-06-05T16:32:51.258200,Oceania,https://www.abc.net.au/news/feed/2942460/rss.xml
ABC News Australia,Knights fans who booed their team 'don't know anything about rugby league',2025-06-05T16:32:51.258204,Oceania,https://www.abc.net.au/news/feed/2942460/rss.xml
ABC News Australia,"Once brothers in arms, Cleary and Luai set for first meeting as NRL foes",2025-06-05T16:32:51.258208,Oceania,https://www.abc.net.au/news/feed/2942460/rss.xml
ABC News Australia,Outback community unites to help police families,2025-06-05T16:32:51.258213,Oceania,https://www.abc.net.au/news/feed/2942460/rss.xml
Sydney Morning Herald,Explore Good Food’s Essential Sydney Cafes and Bakeries,2025-06-05T16:32:52.242664,Oceania,https://www.smh.com.au/rss/feed.xml
Sydney Morning Herald,Explore Good Food’s Essential Melbourne Cafes and Bakeries,2025-06-05T16:32:52.242677,Oceania,https://www.smh.com.au/rss/feed.xml
Sydney Morning Herald,Disciple & Kohi No Deshi,2025-06-05T16:32:52.242681,Oceania,https://www.smh.com.au/rss/feed.xml
Sydney Morning Herald,Craftwork Roasting Co.,2025-06-05T16:32:52.242685,Oceania,https://www.smh.com.au/rss/feed.xml
Sydney Morning Herald,Gojo Ethiopian Cafe,2025-06-05T16:32:52.242689,Oceania,https://www.smh.com.au/rss/feed.xml
The Guardian Australia,Pheobe Bishop disappearance: man and woman charged with murdering teenager,2025-06-05T16:32:52.871774,Oceania,https://www.theguardian.com/australia-news/rss
The Guardian Australia,Liberal premier Jeremy Rockliff to request Tasmania election after no-confidence vote,2025-06-05T16:32:52.871784,Oceania,https://www.theguardian.com/australia-news/rss
The Guardian Australia,Day of high drama in Tasmanian politics – as it happened,2025-06-05T16:32:52.871788,Oceania,https://www.theguardian.com/australia-news/rss
The Guardian Australia,Lidia Thorpe urges Albanese to ‘do his homework’ as PM insists Dorinda Cox allegations have been ‘dealt with’,2025-06-05T16:32:52.871793,Oceania,https://www.theguardian.com/australia-news/rss
The Guardian Australia,Tasmanian parliament passes vote of no confidence in premier Jeremy Rockliff – video,2025-06-05T16:32:52.871796,Oceania,https://www.theguardian.com/australia-news/rss
Stuff.co.nz,Housemates of missing Australian teen charged with murder,2025-06-05T16:32:53.881229,Oceania,https://www.stuff.co.nz/rss
Stuff.co.nz,Wellington’s ‘underdog’ mayoral hopeful vows zero rates hikes at campaign launch,2025-06-05T16:32:53.881236,Oceania,https://www.stuff.co.nz/rss
Stuff.co.nz,Kiwi artist’s hand sculpture Quasi appears in Australia,2025-06-05T16:32:53.881241,Oceania,https://www.stuff.co.nz/rss
Stuff.co.nz,Te Pati Māori MPs given harshest sanctions in Parliament’s history,2025-06-05T16:32:53.881242,Oceania,https://www.stuff.co.nz/rss
Stuff.co.nz,Police seized PM’s press secretary’s work phone - but didn’t tell the Beehive,2025-06-05T16:32:53.881244,Oceania,https://www.stuff.co.nz/rss
Radio New Zealand,Warning to illegal rubbish dumpers: new rules could lead to crack-down,2025-06-05T16:32:55.756941,Oceania,https://www.rnz.co.nz/rss/national.xml
Radio New Zealand,NZ Defence Force contingent headed for large joint military exercise with one drone,2025-06-05T16:32:55.756964,Oceania,https://www.rnz.co.nz/rss/national.xml
Radio New Zealand,Police seized work and personal phones of press secretary Michael Forbes while investigating complaints,2025-06-05T16:32:55.756971,Oceania,https://www.rnz.co.nz/rss/national.xml
Radio New Zealand,Body found in river during Canterbury search,2025-06-05T16:32:55.756977,Oceania,https://www.rnz.co.nz/rss/national.xml
Radio New Zealand,RNZ recognised at Radio and Podcast Awards,2025-06-05T16:32:55.756984,Oceania,https://www.rnz.co.nz/rss/national.xml
